Step,Task,Details,Required For
1,Setup MongoDB Atlas,"Create free cluster, database user, connection string",Database
2,Setup Razorpay Account,"Create account, get API keys, setup webhooks",Payments
3,Create Railway.app Project,"Connect GitHub repo, auto-deploy setup",Hosting
4,Configure Environment Variables,"Set MongoDB URI, Razorpay keys, JWT secrets",Configuration
5,Setup Email Service,Gmail app password or SMTP service,Notifications
6,Test Payment Integration,"Verify UPI, cards, net banking work",Payment Testing
7,Create Admin User,Use seeder script or API call,Administration
8,Test Complete Flow,Registration → KYC → Loans → Investments,Full Testing
9,Setup Webhook URLs,Configure Razorpay webhook endpoints,Payment Automation
10,Monitor and Deploy,"Check logs, performance, go live",Production
