File Path,Description,Type,Size (KB),Purpose
server.js,Main Express.js server with real payment integration,JavaScript,~8,Core server file with all routes and middleware
package.json,NPM dependencies including Razorpay payment gateway,JSON,~2,Project dependencies and scripts
.env.example,Environment variables template with payment configs,Config,~2,Configuration template for deployment
railway.toml,Railway.app deployment configuration,Config,~1,Platform-specific deployment settings
.gitignore,Git ignore patterns for Node.js projects,Config,~2,Version control ignore rules
README.md,Comprehensive project documentation,Markdown,~15,Complete setup and usage guide
DEPLOYMENT.md,Step-by-step Railway.app deployment guide,Markdown,~8,Deployment instructions
models/User.js,User schema with KYC and authentication features,JavaScript,~6,User data structure and methods
models/Loan.js,Loan management with EMI calculations,JavaScript,~8,Loan lifecycle and EMI scheduling
models/Investment.js,Investment tracking and returns calculation,JavaScript,~4,Investment data and return tracking
models/Transaction.js,Payment and transaction history,JavaScript,~3,Financial transaction records
models/BankAccount.js,Bank account management for payouts,JavaScript,~3,User bank account verification
routes/auth.js,"Authentication endpoints (register, login, profile)",JavaScript,~8,User authentication and authorization
routes/users.js,User management and dashboard data,JavaScript,~4,User profile and dashboard APIs
routes/loans.js,Loan applications and management,JavaScript,~10,Loan CRUD operations and approvals
routes/investments.js,Investment creation and tracking,JavaScript,~6,Investment management APIs
routes/kyc.js,KYC document upload and verification,JavaScript,~5,Know Your Customer verification
routes/admin.js,Admin panel endpoints and analytics,JavaScript,~8,Administrative functions
routes/payments.js,Real Razorpay payment gateway integration,JavaScript,~15,Payment processing and verification
routes/bankAccounts.js,Bank account management APIs,JavaScript,~6,User bank account operations
services/paymentService.js,Razorpay payment gateway service,JavaScript,~8,Real payment integration
services/notificationService.js,Email notification service,JavaScript,~6,Automated email notifications
middleware/auth.js,JWT authentication and authorization,JavaScript,~3,Request authentication
middleware/validation.js,Input validation and sanitization,JavaScript,~4,Data validation middleware
utils/jwt.js,JWT token generation and validation,JavaScript,~2,Authentication token utilities
utils/emi.js,EMI calculations and credit scoring,JavaScript,~4,Financial calculation functions
utils/upload.js,File upload configuration with Multer,JavaScript,~3,Document upload handling
utils/seedData.js,Database seeding with sample data,JavaScript,~5,Initial data population script
config/database.js,MongoDB Atlas connection configuration,JavaScript,~2,Database connection setup
config/logger.js,Winston logging configuration,JavaScript,~2,Application logging system
jobs/cronJobs.js,Automated EMI reminders and notifications,JavaScript,~6,Scheduled tasks and reminders
public/index.html,API documentation and testing page,HTML,~5,Frontend documentation interface
