Feature Category,Features,Implementation,Status
User Management,"Registration, Login, Profiles, KYC","JWT Auth, File Upload, Validation",Complete
Loan System,"Applications, Approvals, EMI Scheduling","MongoDB Models, Business Logic",Complete
Investment System,"Browse Loans, Invest, Track Returns","Investment Matching, Calculations",Complete
Payment Integration,"UPI, Cards, Net Banking, Wallets","Razorpay Gateway, Real Payments",Complete
EMI Management,"Automatic Calculations, Payment Processing","Mathematical Formulas, Automation",Complete
Admin Panel,"Loan Approvals, User Management, Analytics","Admin Routes, Dashboard APIs",Complete
KYC System,"Document Upload, Verification Workflow","File Handling, Admin Approval",Complete
Notifications,"Email Alerts, Payment Confirmations","NodeMailer, Automated Triggers",Complete
Security,"JWT Auth, Rate Limiting, Validation",Industry Standard Security,Complete
Automation,"EMI Reminders, Overdue Checks","Cron Jobs, Scheduled Tasks",Complete
Bank Integration,"Account Verification, Payouts",Bank Account Management,Complete
Frontend UI,Complete Web Application,"Responsive Design, All Features",Complete
Documentation,"API Docs, Deployment Guide",Comprehensive Documentation,Complete
