Component,Configuration,Value/Description,Required
Razorpay API Key,RAZORPAY_KEY_ID,rzp_test_xxxxxxxxxx (from dashboard),Yes
Razorpay Secret,RAZORPAY_KEY_SECRET,Secret key from Razorpay dashboard,Yes
Webhook Secret,RAZORPAY_WEBHOOK_SECRET,Webhook signature verification,Yes
Webhook URL,Payment Notifications,https://yourapp.railway.app/api/payments/webhook,Yes
Payment Methods,Supported,"UPI, Cards, Net Banking, Wallets, EMI",Configured
Currency,Default,INR (Indian Rupees),Fixed
Min Investment,Platform Rule,₹100,Business Logic
Max Loan Amount,Platform Rule,"₹50,00,000",Business Logic
Platform Fee,Revenue Model,2% on returns,Configurable
Payout System,Razorpay X,For investor returns (optional),Advanced
