Task,Status,Description,Required For
Backend Files,✅ Complete,30+ Node.js files with all features,API Server
Frontend Files,✅ Complete,10+ HTML/CSS/JS files with UI,Web Interface
Payment Integration,✅ Complete,Real Razorpay gateway integration,Real Payments
Database Models,✅ Complete,MongoDB schemas for all entities,Data Storage
Authentication,✅ Complete,JWT-based secure authentication,User Security
KYC System,✅ Complete,Document upload and verification,Compliance
EMI Calculator,✅ Complete,Real banking formulas implementation,Loan Processing
Admin Panel,✅ Complete,Complete administrative interface,Platform Management
Email Notifications,✅ Complete,Automated email system,User Communication
Responsive Design,✅ Complete,Mobile and desktop compatibility,User Experience
Documentation,✅ Complete,Comprehensive guides and APIs,Development Support
Deployment Config,✅ Complete,Railway.app and hosting ready,Production Deployment
Security Features,✅ Complete,"Rate limiting, validation, encryption",Platform Security
Business Logic,✅ Complete,P2P lending workflows and rules,Core Functionality
